lid,lat,lon,minor,moderate,major,code,date_produced
LNMI2,40.7078,-90.28,0.38,0.06,0.05,1,2/7/2023
LCMI3,41.5775,-87.522222,0.33,0.12,0.07,1,2/7/2023
SIRI2,42.438056,-89.175,0.35,0.08,0.05,1,2/7/2023
EAGM4,42.828056,-84.759444,0.22,0.05,0.05,1,2/7/2023
AGNI4,43.0827,-94.230556,0.1,0.05,0.05,1,2/7/2023
GACM4,42.348611,-83.3125,0.05,0.05,0.05,1,2/7/2023
IRQI2,40.822778,-87.581389,0.55,0.05,0.05,2,2/7/2023
DMWI4,41.563611,-93.703611,0.05,0.05,0.05,1,2/7/2023
BCHW3,42.786111,-89.861111,0.16,0.05,0.05,1,2/7/2023
SAGM4,43.412222,-83.956111,0.14,0.05,0.05,1,2/7/2023
DMOI4,41.6125,-93.620833,0.05,0.05,0.05,1,2/7/2023
CMOI2,41.772222,-89.745278,0.14,0.05,0.05,1,2/7/2023
GDRM4,42.966667,-85.683333,0.05,0.05,0.05,1,2/7/2023
GNNM4,46.283056,-87.437222,0.07,0.05,0.05,1,2/7/2023
STRI4,42.2525,-93.996944,0.07,0.05,0.05,1,2/7/2023
MROI4,41.796667,-92.070833,0.48,0.24,0.05,1,2/7/2023
CHSI2,37.902222,-89.830833,0.45,0.17,0.07,1,2/7/2023
RAYW3,42.815278,-87.994722,0.15,0.05,0.05,1,2/7/2023
FODI4,42.506389,-94.2025,0.1,0.05,0.05,1,2/7/2023
ARCW3,44.253056,-91.501389,0.05,0.05,0.05,1,2/7/2023
MILI2,40.63,-87.723889,0.47,0.11,0.05,1,2/7/2023
RCHM5,44.061667,-92.466389,0.05,0.05,0.05,1,2/7/2023
MCGI4,43.024722,-91.1725,0.71,0.31,0.1,2,2/7/2023
ROCM4,43.083333,-85.590833,0.1,0.05,0.05,1,2/7/2023
SCNM5,46.703333,-92.418611,0.2,0.08,0.05,1,2/7/2023
PORW3,43.527778,-89.434167,0.61,0.47,0.14,2,2/7/2023
CLIW3,42.6,-88.8833,0.07,0.05,0.05,1,2/7/2023
FNNM7,38.512222,-90.431389,0.37,0.11,0.09,1,2/7/2023
SORI2,41.522222,-88.1925,0.11,0.05,0.05,1,2/7/2023
WYLM7,40.3925,-91.597222,0.14,0.05,0.05,1,2/7/2023
PNCM5,45.841667,-92.933333,0.11,0.05,0.05,1,2/7/2023
VNDI2,38.970278,-89.092222,0.95,0.38,0.14,2,2/7/2023
BYRM7,38.391944,-90.638611,0.45,0.21,0.05,1,2/7/2023
ASTM5,43.654167,-92.973889,0.07,0.05,0.05,1,2/7/2023
JDNM5,44.693056,-93.641667,0.19,0.05,0.05,1,2/7/2023
LCRM5,43.865833,-91.31,0.49,0.14,0.06,1,2/7/2023
NCEN8,48.9897,-97.5566,0.15,0.09,0.06,1,2/7/2023
FNHI4,42.629722,-92.543333,0.05,0.05,0.05,1,2/7/2023
TAYM7,39.896944,-91.578056,0.27,0.09,0.05,1,2/7/2023
DEKI2,41.9311,-88.7597,0.05,0.05,0.05,1,2/7/2023
GENI2,41.488889,-90.158056,0.14,0.05,0.05,1,2/7/2023
RIPI2,40.020833,-90.6475,0.32,0.27,0.05,1,2/7/2023
EGFM5,47.926944,-97.028333,0.82,0.24,0.05,2,2/7/2023
WIDM5,44.0875,-91.670278,0.55,0.11,0.06,2,2/7/2023
HRVM4,46.490833,-87.355,0.05,0.05,0.05,1,2/7/2023
ILNI2,41.425556,-91.009444,0.61,0.45,0.27,2,2/7/2023
MCWI4,43.163056,-93.195278,0.25,0.05,0.05,1,2/7/2023
NCAW3,44.026111,-90.071667,0.7,0.34,0.14,2,2/7/2023
FLTI2,41.897778,-90.154444,0.54,0.32,0.2,2,2/7/2023
AKAM5,45.191667,-93.394444,0.23,0.08,0.05,1,2/7/2023
NRFM5,44.458611,-93.159722,0.31,0.05,0.05,1,2/7/2023
SABM5,46.775556,-96.627778,0.85,0.1,0.05,2,2/7/2023
MOTM4,41.800833,-85.756111,0.09,0.05,0.05,1,2/7/2023
FGON8,46.861111,-96.783333,0.95,0.44,0.17,2,2/7/2023
VLVN8,48.061944,-100.931111,0.12,0.05,0.05,1,2/7/2023
EFWI4,41.9875,-94.376944,0.05,0.05,0.05,1,2/7/2023
ANSI4,42.083333,-91.267222,0.15,0.06,0.05,1,2/7/2023
LNTI4,41.423889,-91.478611,0.13,0.05,0.05,1,2/7/2023
RCMM4,42.650833,-86.106667,0.05,0.05,0.05,1,2/7/2023
EMTI4,43.126389,-94.706389,0.05,0.05,0.05,1,2/7/2023
ALMW3,44.327222,-91.919444,0.08,0.06,0.05,1,2/7/2023
LUSM7,39.451389,-91.046389,0.69,0.26,0.05,2,2/7/2023
WSTN8,48.996389,-100.958056,0.2,0.05,0.05,1,2/7/2023
RCKI2,41.518056,-90.564722,0.65,0.52,0.27,3,2/7/2023
REAW3,43.449444,-90.765,0.26,0.05,0.05,1,2/7/2023
CMMI4,41.780556,-90.251944,0.5,0.32,0.2,2,2/7/2023
MCLM4,42.629167,-82.888889,0.05,0.05,0.05,1,2/7/2023
LANM5,43.746667,-92.958611,0.05,0.05,0.05,1,2/7/2023
REDM5,44.565833,-92.541111,0.19,0.17,0.13,1,2/7/2023
OTWI2,41.344444,-88.839167,0.28,0.11,0.05,1,2/7/2023
MIDM4,43.595278,-84.235556,0.1,0.09,0.05,1,2/7/2023
BTCM4,42.323889,-85.1975,0.05,0.05,0.05,1,2/7/2023
BUCM4,42.9025,-85.7627,0.05,0.05,0.05,1,2/7/2023
LATI2,42.368611,-89.058333,0.3,0.11,0.05,1,2/7/2023
GDLM4,42.763056,-84.762222,0.05,0.05,0.05,1,2/7/2023
MPLN8,46.866389,-97.105,0.6,0.26,0.05,2,2/7/2023
NIAW3,45.767778,-87.980556,0.29,0.1,0.05,1,2/7/2023
PROI4,41.835556,-94.131944,0.2,0.05,0.05,1,2/7/2023
DELM5,45.041944,-93.789444,0.2,0.1,0.05,1,2/7/2023
SLBI3,41.182778,-87.3403,0.32,0.15,0.1,1,2/7/2023
CDRW3,43.323056,-87.978611,0.05,0.05,0.05,1,2/7/2023
NWUM5,44.289167,-94.439722,0.17,0.06,0.05,1,2/7/2023
AFBI2,42.161944,-88.293889,0.39,0.13,0.05,1,2/7/2023
DESN8,48.370833,-101.569722,0.05,0.05,0.05,1,2/7/2023
BEAI2,40.0169,-90.4389,0.83,0.49,0.05,2,2/7/2023
ANNM4,42.286111,-83.733333,0.05,0.05,0.05,1,2/7/2023
DBRI3,41.221389,-86.964444,0.12,0.05,0.05,1,2/7/2023
BSSI4,41.203889,-92.887222,0.05,0.05,0.05,1,2/7/2023
BYRI2,42.1231,-89.2557,0.13,0.08,0.05,1,2/7/2023
ODAW3,46.4875,-90.695833,0.05,0.05,0.05,1,2/7/2023
SNWM4,46.584167,-88.575833,0.05,0.05,0.05,1,2/7/2023
MUSI4,41.390833,-91.055,0.68,0.46,0.27,2,2/7/2023
LWLM4,42.925,-85.342778,0.05,0.05,0.05,1,2/7/2023
SEBW3,43.75,-87.716667,0.08,0.05,0.05,1,2/7/2023
PRYI2,42.194444,-88.998889,0.26,0.05,0.05,1,2/7/2023
CFXI4,41.681944,-93.246667,0.05,0.05,0.05,1,2/7/2023
MARM4,42.266667,-84.966667,0.05,0.05,0.05,1,2/7/2023
MNTI2,40.030833,-88.588889,0.63,0.07,0.05,2,2/7/2023
AMEI4,42.066667,-93.620278,0.05,0.05,0.05,1,2/7/2023
PCNW3,43.851111,-89.133889,0.1,0.05,0.05,1,2/7/2023
FLTM4,43.037778,-83.769444,0.05,0.05,0.05,1,2/7/2023
LKCM5,44.45,-92.263333,0.38,0.12,0.06,1,2/7/2023
LGRM7,40.0397,-91.4973,0.43,0.05,0.05,1,2/7/2023
MSPM5,45.043056,-93.279444,0.06,0.06,0.05,1,2/7/2023
FLOW3,45.9513,-88.1891,0.4,0.12,0.05,1,2/7/2023
MAYM5,44.905833,-93.885556,0.31,0.05,0.05,1,2/7/2023
CNEI4,41.409167,-91.290278,0.44,0.18,0.06,1,2/7/2023
SEVI2,40.49,-90.340555,0.3,0.15,0.05,1,2/7/2023
MCHI4,42.47,-91.448333,0.12,0.08,0.05,1,2/7/2023
JANI4,42.648333,-92.465278,0.05,0.05,0.05,1,2/7/2023
BERW3,43.953889,-88.952222,0.17,0.05,0.05,1,2/7/2023
CLKM7,39.3736,-90.906,0.69,0.25,0.15,2,2/7/2023
DAVI3,41.389722,-86.706111,0.08,0.05,0.05,1,2/7/2023
OWOM4,43.015,-84.181111,0.1,0.05,0.05,1,2/7/2023
RKLM4,46.720833,-89.206944,0.05,0.05,0.05,1,2/7/2023
RSPW3,43.476944,-89.916389,0.42,0.17,0.05,1,2/7/2023
RDWM5,44.610833,-92.608333,0.25,0.19,0.09,1,2/7/2023
LGLW3,45.19,-88.733333,0.05,0.05,0.05,1,2/7/2023
MSHM5,44.430278,-95.845278,0.05,0.05,0.05,1,2/7/2023
REDI4,41.5894,-94.1513,0.05,0.05,0.05,1,2/7/2023
LNSM5,43.721944,-91.978889,0.05,0.05,0.05,1,2/7/2023
LNSM4,42.75,-84.55,0.06,0.05,0.05,1,2/7/2023
DEWI4,41.766389,-90.540278,0.66,0.56,0.23,3,2/7/2023
MURI2,37.760556,-89.365556,0.95,0.37,0.1,2,2/7/2023
MSCM5,44.16,-91.812222,0.45,0.16,0.06,1,2/7/2023
BLVI4,42.261111,-90.423056,0.39,0.28,0.13,1,2/7/2023
PRAI2,40.6333,-89.625,0.39,0.24,0.05,1,2/7/2023
ATKM5,46.540556,-93.707222,0.65,0.34,0.06,2,2/7/2023
ROKI2,42.450278,-89.0725,0.27,0.19,0.05,1,2/7/2023
COLI2,41.286111,-88.359722,0.13,0.05,0.05,1,2/7/2023
FRKW3,42.873611,-87.995833,0.17,0.05,0.05,1,2/7/2023
BRFW3,44.27,-90.85,0.6,0.29,0.08,2,2/7/2023
ROSM5,48.848639,-95.76,0.05,0.05,0.05,1,2/7/2023
MNKM5,44.168889,-94.003056,0.05,0.05,0.05,1,2/7/2023
SEEM7,38.005278,-91.370556,0.4,0.05,0.05,1,2/7/2023
CHBI2,41.008889,-87.823333,0.15,0.07,0.06,1,2/7/2023
LDRI2,42.200556,-87.918056,0.13,0.05,0.05,1,2/7/2023
OMNM7,38.928889,-90.745833,0.46,0.23,0.07,1,2/7/2023
MCAM5,45.865833,-93.690556,0.05,0.05,0.05,1,2/7/2023
MINN8,48.245833,-101.370833,0.11,0.07,0.05,1,2/7/2023
MONM4,41.913889,-83.3875,0.07,0.05,0.05,1,2/7/2023
SHIW3,44.438889,-88.583889,0.53,0.05,0.05,2,2/7/2023
MUSW3,43.177222,-90.427222,0.13,0.06,0.05,1,2/7/2023
LGPM5,45.975,-94.865556,0.19,0.06,0.05,1,2/7/2023
MRPM4,43.109722,-84.693056,0.49,0.05,0.05,1,2/7/2023
SLLM7,38.158611,-91.108611,0.95,0.14,0.05,2,2/7/2023
BLEW3,43.134167,-89.732222,0.05,0.05,0.05,1,2/7/2023
CLXM5,47.612222,-96.814444,0.17,0.05,0.05,1,2/7/2023
EWNM7,40.018889,-91.621944,0.52,0.07,0.05,2,2/7/2023
LAFW3,43.575278,-90.641667,0.05,0.05,0.05,1,2/7/2023
ALMM4,43.3869,-84.6482,0.07,0.05,0.05,1,2/7/2023
WDEW3,43.6167,-89.7833,0.17,0.1,0.06,1,2/7/2023
CIDI4,41.971944,-91.666944,0.17,0.1,0.06,1,2/7/2023
BABW3,43.458333,-89.633333,0.5,0.05,0.05,2,2/7/2023
PALM7,39.816944,-91.545833,0.19,0.07,0.05,1,2/7/2023
STEW3,43.182778,-90.859167,0.05,0.05,0.05,1,2/7/2023
HOUM5,43.768611,-91.569722,0.05,0.05,0.05,1,2/7/2023
CEDW3,43.2798,-87.9429,0.22,0.05,0.05,1,2/7/2023
ALSM4,46.726389,-88.661944,0.44,0.05,0.05,1,2/7/2023
BOIW3,42.4979,-89.0211,0.07,0.05,0.05,1,2/7/2023
GREI2,40.131944,-89.735556,0.1,0.07,0.05,1,2/7/2023
GUNI2,42.344167,-87.938333,0.25,0.05,0.05,1,2/7/2023
HILN8,47.351944,-96.843333,0.44,0.16,0.05,1,2/7/2023
RKFM5,45.086667,-93.733889,0.23,0.1,0.05,1,2/7/2023
DAVM4,43.033611,-83.581389,0.09,0.05,0.05,1,2/7/2023
NRWI4,41.458056,-93.655,0.06,0.05,0.05,1,2/7/2023
BOLI2,41.718056,-88.070556,0.05,0.05,0.05,1,2/7/2023
PYMI3,41.3403,-86.3044,0.19,0.06,0.05,1,2/7/2023
BESM4,46.511389,-90.074444,0.11,0.05,0.05,1,2/7/2023
SCOM5,45.547222,-94.145556,0.25,0.1,0.05,1,2/7/2023
JCKM5,43.618333,-94.984722,0.05,0.05,0.05,1,2/7/2023
JFFW3,42.996111,-88.807222,0.31,0.18,0.05,1,2/7/2023
KNDN8,46.631667,-97.000278,0.36,0.12,0.05,1,2/7/2023
FRNM4,43.327778,-83.748056,0.16,0.05,0.05,1,2/7/2023
HSTM5,44.759722,-92.868889,0.31,0.14,0.11,1,2/7/2023
HSTM4,42.615833,-85.236389,0.18,0.05,0.05,1,2/7/2023
CEDI4,42.537778,-92.443056,0.41,0.11,0.05,1,2/7/2023
FSRM4,42.577222,-82.951389,0.08,0.05,0.05,1,2/7/2023
SAVM5,44.786667,-93.334444,0.7,0.12,0.05,2,2/7/2023
LNSI4,43.360278,-91.213056,0.11,0.07,0.05,1,2/7/2023
GRNN8,48.424722,-97.411667,0.08,0.05,0.05,1,2/7/2023
IDNI4,41.424722,-93.586944,0.05,0.05,0.05,1,2/7/2023
HWDN8,46.9775,-96.893056,0.38,0.29,0.07,1,2/7/2023
AVOM5,43.949444,-95.506944,0.06,0.05,0.05,1,2/7/2023
MORM4,43.5025,-85.3425,0.05,0.05,0.05,1,2/7/2023
IOWI4,41.656667,-91.540833,0.05,0.05,0.05,1,2/7/2023
MIWI4,42.065556,-92.908056,0.05,0.05,0.05,1,2/7/2023
GTEM5,44.819722,-95.532778,0.18,0.05,0.05,1,2/7/2023
GENW3,43.570556,-91.229444,0.68,0.14,0.07,2,2/7/2023
ERKM7,38.504722,-90.590833,0.35,0.13,0.08,1,2/7/2023
HNYI2,41.10724,-89.35625,0.47,0.33,0.05,1,2/7/2023
CMSM4,42.285556,-85.513889,0.05,0.05,0.05,1,2/7/2023
PCFM7,38.485833,-90.77,0.32,0.08,0.05,1,2/7/2023
ALVM5,48.194722,-97.005556,0.05,0.05,0.05,1,2/7/2023
RZLI3,40.93333,-87.128889,0.27,0.07,0.06,1,2/7/2023
ROTW3,44.885833,-89.634722,0.13,0.1,0.05,1,2/7/2023
HNNM7,39.723333,-91.371944,0.51,0.17,0.07,2,2/7/2023
VLLM7,38.557222,-90.492222,0.38,0.27,0.15,1,2/7/2023
RRLW3,45.178611,-89.661667,0.19,0.05,0.05,1,2/7/2023
KALI4,41.466389,-91.715556,0.35,0.19,0.08,1,2/7/2023
FTRM5,46.180556,-94.365556,0.44,0.12,0.05,1,2/7/2023
SCTM4,43.945,-86.278611,0.05,0.05,0.05,1,2/7/2023
DBQI4,42.499444,-90.653056,0.66,0.49,0.19,2,2/7/2023
BROW3,42.618056,-89.3866,0.29,0.05,0.05,1,2/7/2023
SOGW3,43.394167,-90.775833,0.12,0.05,0.05,1,2/7/2023
FSMI3,40.8706,-87.3067,0.33,0.05,0.05,1,2/7/2023
BANN8,48.505556,-100.434444,0.74,0.61,0.05,3,2/7/2023
DAWM5,44.92936,-96.0516,0.08,0.06,0.05,1,2/7/2023
HUMM4,46.499167,-87.886389,0.2,0.05,0.05,1,2/7/2023
EDYI4,41.151111,-92.636111,0.06,0.05,0.05,1,2/7/2023
TRYM7,38.968611,-90.992222,0.43,0.1,0.05,1,2/7/2023
NEWW3,44.392222,-88.740278,0.53,0.05,0.05,2,2/7/2023
ECLW3,44.809722,-91.502778,0.36,0.15,0.09,1,2/7/2023
MNGI2,41.7336,-88.3333,0.09,0.05,0.05,1,2/7/2023
MOAM5,45.863889,-93.296667,0.34,0.11,0.05,1,2/7/2023
KCAI2,38.61028,-89.3575,0.8,0.05,0.05,2,2/7/2023
ROWI4,42.760278,-93.621944,0.06,0.05,0.05,1,2/7/2023
LNRI2,41.208333,-88.930833,0.29,0.07,0.05,1,2/7/2023
GTTI4,42.7858,-91.0958,0.53,0.18,0.05,2,2/7/2023
CDLI2,40.0648,-90.1518,0.42,0.14,0.05,1,2/7/2023
DAYI2,41.383889,-88.789722,0.28,0.11,0.05,1,2/7/2023
MTCM4,42.595833,-82.908889,0.05,0.05,0.05,1,2/7/2023
FRGM4,43.25,-84.1,0.14,0.05,0.05,1,2/7/2023
OSLM5,48.1938,-97.1402,0.89,0.77,0.07,3,2/7/2023
ETNM4,42.51277,-84.65417,0.05,0.05,0.05,1,2/7/2023
RVFI2,41.888333,-87.832778,0.05,0.05,0.05,1,2/7/2023
EOKI4,40.396667,-91.375,0.29,0.25,0.17,1,2/7/2023
NVLW3,42.8575,-88.940833,0.37,0.2,0.12,1,2/7/2023
WLHN8,48.913333,-97.916667,0.07,0.05,0.05,1,2/7/2023
CLMI2,40.330278,-90.896111,0.56,0.4,0.15,2,2/7/2023
BDGM4,43.347222,-85.939444,0.35,0.05,0.05,1,2/7/2023
CANM7,40.1439,-91.5159,0.53,0.18,0.05,2,2/7/2023
LSLI2,41.314444,-89.090833,0.64,0.12,0.05,2,2/7/2023
NBPI2,41.974722,-87.728333,0.05,0.05,0.05,1,2/7/2023
CCYI4,43.062222,-92.673611,0.1,0.05,0.05,1,2/7/2023
EWMM7,40.028889,-91.705556,0.38,0.08,0.05,1,2/7/2023
CLDM4,42.816667,-85.483333,0.05,0.05,0.05,1,2/7/2023
TRVM4,41.9403,-85.6328,0.26,0.09,0.05,1,2/7/2023
UNNM7,38.444444,-91.004167,0.44,0.06,0.05,1,2/7/2023
DXRI2,41.844722,-89.486111,0.06,0.05,0.05,1,2/7/2023
MORI2,41.3544,-88.4283,0.27,0.14,0.08,1,2/7/2023
DAKI4,42.725556,-94.195278,0.05,0.05,0.05,1,2/7/2023
HDDI3,41.507778,-87.51,0.05,0.05,0.05,1,2/7/2023
FLCW3,44.8097,-91.281667,0.37,0.11,0.05,1,2/7/2023
EADM7,38.628889,-90.179722,0.24,0.08,0.05,1,2/7/2023
BLIM4,41.824167,-83.870556,0.08,0.05,0.05,1,2/7/2023
BLFI4,43.406944,-91.898333,0.05,0.05,0.05,1,2/7/2023
DARW3,42.678056,-90.106389,0.05,0.05,0.05,1,2/7/2023
TRCM5,43.684722,-93.039444,0.22,0.12,0.06,1,2/7/2023
WKEW3,43.004722,-88.243611,0.07,0.05,0.05,1,2/7/2023
ROYW3,44.4125,-88.865278,0.31,0.05,0.05,1,2/7/2023
CEBI4,41.787222,-91.313611,0.2,0.07,0.05,1,2/7/2023
CAGM7,39.003056,-90.688611,0.62,0.27,0.05,2,2/7/2023
WDOM5,43.8575,-95.116667,0.05,0.05,0.05,1,2/7/2023
KHBI2,41.099444,-90.939444,0.71,0.44,0.29,2,2/7/2023
LBNN8,46.446944,-97.678889,0.05,0.05,0.05,1,2/7/2023
ESVI4,43.399167,-94.846111,0.08,0.05,0.05,1,2/7/2023
EVRM4,43.899167,-85.255278,0.07,0.05,0.05,1,2/7/2023
GRFI2,38.968056,-90.428333,0.39,0.09,0.06,1,2/7/2023
SBNI3,41.720278,-86.269167,0.2,0.07,0.05,1,2/7/2023
CJTI4,41.278333,-91.345833,0.12,0.05,0.05,1,2/7/2023
HNDM5,47.268056,-96.797222,0.71,0.11,0.05,2,2/7/2023
STCM5,45.559722,-94.233889,0.08,0.05,0.05,1,2/7/2023
JACM4,42.283333,-84.408889,0.21,0.07,0.05,1,2/7/2023
HWYM5,46.85,-96.329167,0.22,0.08,0.05,1,2/7/2023
OOAI4,41.355833,-92.656389,0.05,0.05,0.05,1,2/7/2023
MPRM4,43.564444,-84.369167,0.05,0.05,0.05,1,2/7/2023
TYLW3,46.3947,-90.59,0.58,0.31,0.07,2,2/7/2023
RWDM5,44.523611,-95.172222,0.12,0.05,0.05,1,2/7/2023
AFTW3,42.6475,-89.064444,0.35,0.11,0.06,1,2/7/2023
GRMI4,41.6833,-93.7333,0.05,0.05,0.05,1,2/7/2023
MOMI2,41.16,-87.668611,0.16,0.07,0.05,1,2/7/2023
ZUMM5,44.285556,-92.43,0.05,0.05,0.05,1,2/7/2023
ALOI4,42.495278,-92.334167,0.16,0.05,0.05,1,2/7/2023
CNGI2,40.621111,-89.2415,0.17,0.12,0.05,1,2/7/2023
WBCI4,42.432222,-93.806111,0.05,0.05,0.05,1,2/7/2023
HHTM4,42.64,-84.481944,0.27,0.05,0.05,1,2/7/2023
VLCM4,45.736667,-87.863333,0.21,0.05,0.05,1,2/7/2023
HGRN8,47.410556,-97.059722,0.33,0.16,0.05,1,2/7/2023
NILM4,41.840556,-86.265833,0.13,0.05,0.05,1,2/7/2023
NMSW3,42.610833,-88.225833,0.52,0.09,0.05,2,2/7/2023
PETI2,40.013333,-89.838333,0.12,0.1,0.05,1,2/7/2023
ARNM7,38.456667,-90.360556,0.32,0.08,0.05,1,2/7/2023
FEEI2,42.297222,-89.603889,0.23,0.05,0.05,1,2/7/2023
TECM4,42.002778,-83.933611,0.05,0.05,0.05,1,2/7/2023
VINI4,42.170556,-92.023333,0.13,0.05,0.05,1,2/7/2023
HIGM5,48.048611,-95.808333,0.05,0.05,0.05,1,2/7/2023
WABM5,44.385,-92.048611,0.89,0.28,0.09,2,2/7/2023
PMZM7,39.524167,-92.127778,0.35,0.05,0.05,1,2/7/2023
ABRN8,46.470556,-96.781944,0.58,0.42,0.09,2,2/7/2023
RUSI2,42.489167,-87.926389,0.26,0.05,0.05,1,2/7/2023
GRBI4,42.74,-91.261667,0.21,0.12,0.07,1,2/7/2023
MTON8,48.286111,-97.369444,0.12,0.05,0.05,1,2/7/2023
VIOW3,43.506111,-90.673611,0.05,0.05,0.05,1,2/7/2023
HLLM5,48.775556,-96.937222,0.67,0.27,0.05,2,2/7/2023
SFLM7,40.4625,-91.567222,0.22,0.05,0.05,1,2/7/2023
KLSN8,48.137778,-100.539722,0.23,0.05,0.05,1,2/7/2023
AESI4,41.951944,-93.565556,0.05,0.05,0.05,1,2/7/2023
WPCW3,44.329167,-88.996111,0.05,0.05,0.05,1,2/7/2023
NDRI2,41.69,-88.166389,0.05,0.05,0.05,1,2/7/2023
VSSM4,43.365556,-83.582778,0.05,0.05,0.05,1,2/7/2023
BCRM4,42.331944,-85.154167,0.05,0.05,0.05,1,2/7/2023
MLII2,41.461944,-90.499444,0.53,0.29,0.14,2,2/7/2023
THNI2,41.568333,-87.607778,0.1,0.05,0.05,1,2/7/2023
BDOW3,46.6103,-90.6869,0.11,0.05,0.05,1,2/7/2023
WLMI2,41.346667,-88.186389,0.13,0.05,0.05,1,2/7/2023
WRNI2,41.8175,-88.171389,0.08,0.05,0.05,1,2/7/2023
PVRS2,45.616111,-96.875278,0.15,0.05,0.05,1,2/7/2023
STPM5,44.944444,-93.088056,0.22,0.17,0.1,1,2/7/2023
DURW3,44.630993,-91.971327,0.73,0.3,0.11,2,2/7/2023
GSHI3,41.593333,-85.848333,0.12,0.05,0.05,1,2/7/2023
HBTI4,42.719722,-94.220278,0.1,0.05,0.05,1,2/7/2023
DANW3,46.076111,-92.246667,0.09,0.05,0.05,1,2/7/2023
NEWM4,43.416944,-85.808333,0.33,0.05,0.05,1,2/7/2023
DMDM4,42.644444,-84.650278,0.05,0.05,0.05,1,2/7/2023
MION8,48.2375,-101.294167,0.05,0.05,0.05,1,2/7/2023
SVRM7,39.636111,-91.249444,0.6,0.26,0.13,2,2/7/2023
ANKM5,45.126667,-93.296667,0.27,0.07,0.05,1,2/7/2023
TMAI4,41.964167,-92.636667,0.14,0.09,0.05,1,2/7/2023
RABI2,42.2888,-89.065278,0.06,0.05,0.05,1,2/7/2023
HENM5,44.529444,-93.900556,0.09,0.05,0.05,1,2/7/2023
EKMI3,41.677778,-86.002222,0.12,0.1,0.05,1,2/7/2023
MPTM4,43.626111,-84.707778,0.07,0.05,0.05,1,2/7/2023
PORM4,42.856389,-84.912222,0.05,0.05,0.05,1,2/7/2023
ALBW3,42.705833,-89.438056,0.05,0.05,0.05,1,2/7/2023
OKFI2,40.124167,-89.985,0.26,0.11,0.05,1,2/7/2023
GMIW3,43.314444,-90.848611,0.39,0.05,0.05,1,2/7/2023
PIAI2,40.703889,-89.566389,0.59,0.21,0.05,2,2/7/2023
GALW3,44.060278,-91.287222,0.57,0.41,0.05,2,2/7/2023
TREW3,43.999444,-91.437778,0.53,0.19,0.06,2,2/7/2023
DRCM7,38.803333,-90.635,0.3,0.17,0.05,1,2/7/2023
ENDN8,46.621389,-97.573333,0.74,0.17,0.05,2,2/7/2023
HAVI2,40.294167,-90.068333,0.95,0.55,0.11,3,2/7/2023
PBNN8,48.9736,-97.2413,0.68,0.42,0.1,2,2/7/2023
KTSI3,41.253889,-87.033889,0.11,0.05,0.05,1,2/7/2023
PNTI2,40.885278,-88.638889,0.11,0.07,0.05,1,2/7/2023
OTMI4,41.010833,-92.411667,0.18,0.05,0.05,1,2/7/2023
EKDI4,42.843333,-91.4,0.22,0.1,0.05,1,2/7/2023
FATW3,42.8833,-88.8333,0.11,0.05,0.05,1,2/7/2023
NHRI4,42.572222,-92.618333,0.05,0.05,0.05,1,2/7/2023
TOWN8,48.352778,-100.418889,0.75,0.34,0.05,2,2/7/2023
DCHI4,43.421111,-91.508611,0.1,0.05,0.05,1,2/7/2023
RACW3,42.751389,-87.823611,0.05,0.05,0.05,1,2/7/2023
MYFM4,44.656667,-85.436667,0.05,0.05,0.05,1,2/7/2023
BBOW3,43.470833,-89.759444,0.06,0.05,0.05,1,2/7/2023
IDPI4,42.464167,-91.895,0.05,0.05,0.05,1,2/7/2023
DILM5,46.961111,-96.661111,0.9,0.12,0.05,2,2/7/2023
SHYM5,47.4125,-96.763889,0.1,0.05,0.05,1,2/7/2023
LGNN8,48.153333,-101.151111,0.15,0.06,0.05,1,2/7/2023
VCKM4,42.114722,-85.485556,0.05,0.05,0.05,1,2/7/2023
OCTW3,44.860556,-87.983889,0.15,0.05,0.05,1,2/7/2023
ADRM4,41.904167,-83.980556,0.05,0.05,0.05,1,2/7/2023
BBCW3,44.307778,-90.131389,0.7,0.18,0.09,2,2/7/2023
PLOI4,42.069167,-91.785,0.13,0.05,0.05,1,2/7/2023
HMGM4,42.465,-83.800278,0.12,0.06,0.05,1,2/7/2023
CPEI3,41.481667,-85.475556,0.41,0.11,0.05,1,2/7/2023
ADAM4,42.955278,-85.476389,0.05,0.05,0.05,1,2/7/2023
WIRW3,44.399444,-89.830556,0.08,0.05,0.05,1,2/7/2023
APLW3,44.251111,-88.364444,0.05,0.05,0.05,1,2/7/2023
TWVM5,47.266667,-96.244444,0.05,0.05,0.05,1,2/7/2023
STLM5,45.056667,-92.8025,0.32,0.21,0.14,1,2/7/2023
WNAM5,44.056389,-91.638333,0.63,0.32,0.1,2,2/7/2023
NULM5,44.296944,-94.433611,0.08,0.05,0.05,1,2/7/2023
DLDI4,42.54,-90.646111,0.52,0.41,0.14,2,2/7/2023
WLKM4,46.246667,-88.0125,0.32,0.18,0.05,1,2/7/2023
RVTI2,39.843056,-89.547222,0.08,0.05,0.05,1,2/7/2023
JOSI2,41.556111,-90.185278,0.6,0.32,0.08,2,2/7/2023
CRYM4,46.105833,-88.334722,0.13,0.07,0.05,1,2/7/2023
UINI2,39.932222,-91.416111,0.48,0.25,0.06,1,2/7/2023
DRTN8,48.572222,-97.147222,0.6,0.31,0.05,2,2/7/2023
BURM4,42.103056,-85.083333,0.1,0.05,0.05,1,2/7/2023
DEHI4,43.303333,-91.796389,0.05,0.05,0.05,1,2/7/2023
NBOI2,41.1925,-91.057778,0.77,0.53,0.32,3,2/7/2023
SMYM4,43.052778,-85.264722,0.05,0.05,0.05,1,2/7/2023
MILW3,43.1,-88.85,0.25,0.05,0.05,1,2/7/2023
BRLI4,40.798056,-91.094444,0.68,0.41,0.28,2,2/7/2023
DLRM4,42.308333,-83.252778,0.05,0.05,0.05,1,2/7/2023
LACW3,43.812222,-91.256944,0.61,0.38,0.08,2,2/7/2023
DNDM4,41.955278,-83.648889,0.07,0.05,0.05,1,2/7/2023
MAQI4,42.083333,-90.632778,0.1,0.06,0.05,1,2/7/2023
STRM4,44.0725,-84.02,0.38,0.05,0.05,1,2/7/2023
KNXI3,41.3028,-86.6206,0.05,0.05,0.05,1,2/7/2023
STFM5,45.327544,-93.3727,0.09,0.05,0.05,1,2/7/2023
GLDI2,40.881389,-91.0225,0.73,0.41,0.28,2,2/7/2023
AKWI4,41.337222,-93.486389,0.05,0.05,0.05,1,2/7/2023
OKVI4,41.103056,-91.063611,0.22,0.05,0.05,1,2/7/2023
IONM4,42.966667,-85.066667,0.06,0.05,0.05,1,2/7/2023
MVOM5,44.933333,-95.733333,0.35,0.11,0.06,1,2/7/2023
AMWI4,42.022778,-93.630556,0.05,0.05,0.05,1,2/7/2023
SHRI4,42.7119,-92.5828,0.25,0.05,0.05,1,2/7/2023
MTNM5,44.546111,-94.996111,0.38,0.09,0.05,1,2/7/2023
WMSM4,42.683333,-84.219167,0.05,0.05,0.05,1,2/7/2023
CRKM5,47.775556,-96.609167,0.46,0.1,0.05,1,2/7/2023
LYNW3,43.211667,-91.099167,0.34,0.1,0.05,1,2/7/2023
VCRN8,46.913889,-98.008333,0.05,0.05,0.05,1,2/7/2023
SHLI2,41.606944,-87.597778,0.05,0.05,0.05,1,2/7/2023
BSLM5,45.309167,-96.468056,0.05,0.05,0.05,1,2/7/2023
WHTM4,43.464167,-86.2325,0.05,0.05,0.05,1,2/7/2023
PLMI2,37.911667,-89.009167,0.95,0.13,0.05,2,2/7/2023
WHNN8,46.275833,-96.605556,0.66,0.22,0.05,2,2/7/2023
WFON8,46.891111,-96.916389,0.13,0.05,0.05,1,2/7/2023
SWRN8,48.094722,-101.049444,0.08,0.05,0.05,1,2/7/2023
GGYM7,40.279167,-91.495833,0.63,0.29,0.05,2,2/7/2023
CROM4,43.434722,-85.665278,0.15,0.05,0.05,1,2/7/2023
DEXM4,42.300278,-83.898333,0.05,0.05,0.05,1,2/7/2023
BVDI2,42.2561,-88.8631,0.05,0.05,0.05,1,2/7/2023
LECI4,41.574722,-90.400556,0.51,0.36,0.23,2,2/7/2023
KEQI4,40.7275,-91.968333,0.06,0.05,0.05,1,2/7/2023
DETM4,42.372222,-83.255556,0.24,0.05,0.05,1,2/7/2023
BVTM4,43.879722,-84.474167,0.05,0.05,0.05,1,2/7/2023
WAPI4,41.178056,-91.181944,0.26,0.05,0.05,1,2/7/2023
HUDI4,42.4075,-92.463333,0.24,0.17,0.05,1,2/7/2023
DSPI2,42.087222,-87.887222,0.18,0.05,0.05,1,2/7/2023
LEMI2,41.672222,-88.029444,0.33,0.05,0.05,1,2/7/2023
CSSM4,43.586111,-83.180556,0.05,0.05,0.05,1,2/7/2023
MTNW3,42.505833,-89.757222,0.26,0.05,0.05,1,2/7/2023
DESI4,41.578333,-93.605556,0.12,0.05,0.05,1,2/7/2023
TACM5,47.388889,-93.380556,0.05,0.05,0.05,1,2/7/2023
BRGW3,42.679722,-88.271111,0.11,0.05,0.05,1,2/7/2023
MKLM5,48.209722,-96.718056,0.05,0.05,0.05,1,2/7/2023
QLDI2,39.9035,-91.4284,0.44,0.25,0.06,1,2/7/2023
WATW3,43.174167,-88.736389,0.07,0.05,0.05,1,2/7/2023
SPFM5,44.203333,-95.048056,0.3,0.05,0.05,1,2/7/2023
RDOM4,44.676944,-84.2925,0.05,0.05,0.05,1,2/7/2023
HICN8,46.658333,-96.796389,0.17,0.06,0.05,1,2/7/2023
WLCN8,48.588889,-100.441667,0.42,0.05,0.05,1,2/7/2023
VNMI4,41.533889,-93.950278,0.05,0.05,0.05,1,2/7/2023
SPLI4,43.200556,-91.9525,0.14,0.1,0.07,1,2/7/2023
ELNM4,42.727222,-84.478056,0.11,0.05,0.05,1,2/7/2023
SHWN8,48.99,-101.957778,0.08,0.05,0.05,1,2/7/2023
NLDM7,39.612222,-91.408333,0.05,0.05,0.05,1,2/7/2023
MCAW3,45.325833,-87.663333,0.5,0.07,0.05,2,2/7/2023
AGSI4,40.747222,-91.275,0.18,0.1,0.05,1,2/7/2023
DEMI4,41.5825,-93.641667,0.29,0.05,0.05,1,2/7/2023
FOXN8,48.371667,-101.505556,0.34,0.08,0.05,1,2/7/2023
SIGI4,41.300833,-92.204444,0.33,0.21,0.05,1,2/7/2023
ALNI2,38.866389,-90.146389,0.43,0.06,0.05,1,2/7/2023
SHRM4,44.436389,-85.698611,0.11,0.05,0.05,1,2/7/2023
NEIW3,44.559722,-90.615,0.05,0.05,0.05,1,2/7/2023
RVRI2,41.822222,-87.820833,0.12,0.09,0.05,1,2/7/2023
RUDM4,46.185833,-84.597778,0.05,0.05,0.05,1,2/7/2023
DDGW3,44.131944,-91.553889,0.07,0.05,0.05,1,2/7/2023
